{"client":"Thunder Client","collectionName":"Address","dateExported":"2021-08-08T20:14:38.965Z","version":"1.1","folders":[],"requests":[{"containerId":"","sortNum":10000,"headers":[{"name":"Accept","value":"*/*"},{"name":"User-Agent","value":"Thunder Client (https://www.thunderclient.io)"}],"colId":"8a95b5e7-a03b-42b3-8144-1007d4b7b72c","name":"GetsAddress","url":"localhost:5000/api/Addresses/all","method":"GET","modified":"2021-08-07T09:13:15.642Z","created":"2021-08-04T09:42:42.943Z","_id":"7762b65d-6356-4b7f-9d80-203c66744799","params":[],"tests":[]},{"containerId":"","sortNum":15000,"headers":[{"name":"Accept","value":"*/*"},{"name":"User-Agent","value":"Thunder Client (https://www.thunderclient.io)"}],"colId":"8a95b5e7-a03b-42b3-8144-1007d4b7b72c","name":"GetAddressByID","url":"localhost:5000/api/Addresses/3","method":"GET","modified":"2021-08-07T20:28:48.067Z","created":"2021-08-07T16:04:11.902Z","_id":"83983127-a276-46e4-810e-809417fddb89","params":[],"tests":[]},{"containerId":"","sortNum":20000,"headers":[{"name":"Accept","value":"*/*"},{"name":"User-Agent","value":"Thunder Client (https://www.thunderclient.io)"}],"colId":"8a95b5e7-a03b-42b3-8144-1007d4b7b72c","name":"AddAddress","url":"localhost:5000/api/Addresses/add","method":"POST","modified":"2021-08-07T15:36:03.153Z","created":"2021-08-04T09:42:42.943Z","_id":"d8c0ec27-b79a-4dc8-9e62-4d710f3b7ba7","params":[],"body":{"type":"json","raw":"{\"street\": \"Levi Eshkol\", \"other_data\": \"nice\", \"zip_code\":168244}","form":[]},"tests":[]},{"containerId":"","sortNum":30000,"headers":[{"name":"Accept","value":"*/*"},{"name":"User-Agent","value":"Thunder Client (https://www.thunderclient.io)"}],"colId":"8a95b5e7-a03b-42b3-8144-1007d4b7b72c","name":"UpdateAddress","url":"localhost:5000/api/Addresses/update/1","method":"PUT","modified":"2021-08-07T15:49:42.466Z","created":"2021-08-07T15:45:15.329Z","_id":"d2338d6b-9e8b-4a7a-8e8b-aa3f42160212","params":[],"body":{"type":"json","raw":"{ \"address_id\": 2, \"street\": \"Moshe Sharet\", \"other_data\": \"noice\", \"zip_code\":11111}","form":[]},"tests":[]},{"containerId":"","sortNum":35000,"headers":[{"name":"Accept","value":"*/*"},{"name":"User-Agent","value":"Thunder Client (https://www.thunderclient.io)"}],"colId":"8a95b5e7-a03b-42b3-8144-1007d4b7b72c","name":"ActivateAddress","url":"localhost:5000/api/Addresses/activate/1","method":"PUT","modified":"2021-08-07T15:59:15.058Z","created":"2021-08-07T15:58:50.874Z","_id":"b8308db9-2eb4-4814-9514-e2955d1abaa7","params":[],"tests":[]},{"containerId":"","sortNum":37500,"headers":[{"name":"Accept","value":"*/*"},{"name":"User-Agent","value":"Thunder Client (https://www.thunderclient.io)"}],"colId":"8a95b5e7-a03b-42b3-8144-1007d4b7b72c","name":"DeactivateAddress","url":"localhost:5000/api/Addresses/deactivate/1","method":"PUT","modified":"2021-08-07T15:59:18.248Z","created":"2021-08-07T15:58:27.572Z","_id":"f260c1dc-a807-417d-ac09-cb0edbc526b4","params":[],"tests":[]},{"containerId":"","sortNum":40000,"headers":[{"name":"Accept","value":"*/*"},{"name":"User-Agent","value":"Thunder Client (https://www.thunderclient.io)"}],"colId":"8a95b5e7-a03b-42b3-8144-1007d4b7b72c","name":"DeleteAddress","url":"localhost:5000/api/Addresses/delete/2","method":"DELETE","modified":"2021-08-07T15:56:55.478Z","created":"2021-08-07T15:55:48.272Z","_id":"14b7dda2-6aff-465b-a4a0-036a998e73ef","params":[],"tests":[]}]}
