{"client":"Thunder Client","collectionName":"Admins","dateExported":"2021-11-29T15:34:50.342Z","version":"1.1","folders":[],"requests":[{"containerId":"","sortNum":10000,"headers":[{"name":"Accept","value":"*/*"},{"name":"User-Agent","value":"Thunder Client (https://www.thunderclient.io)"}],"colId":"9e685b67-a27e-4176-a7e5-aa9e380ea988","name":"Register Admin","url":"http://localhost:5000/api/admins/register","method":"POST","modified":"2021-11-29T15:32:55.501Z","created":"2021-11-23T14:36:15.035Z","_id":"3c75657b-5162-4e2a-b3d1-65b87dedee15","params":[],"body":{"type":"json","raw":"{\n    \"admin_email\": \"Elado@gmail.com\",\n    \"admin_password\": \"Elad1234\"\n}","form":[]},"tests":[]},{"containerId":"","sortNum":20000,"headers":[{"name":"Accept","value":"*/*"},{"name":"User-Agent","value":"Thunder Client (https://www.thunderclient.io)"}],"colId":"9e685b67-a27e-4176-a7e5-aa9e380ea988","name":"Login Admin","url":"http://localhost:5000/api/admins/login","method":"POST","modified":"2021-11-29T15:33:19.317Z","created":"2021-11-23T14:36:15.035Z","_id":"b7ca4c66-c9b1-48ac-8cfe-11823642be37","params":[],"body":{"type":"json","raw":"{\n    \"admin_email\": \"Elado@gmail.com\",\n    \"admin_password\": \"Elad1234\"\n}","form":[]},"tests":[]},{"containerId":"","sortNum":30000,"headers":[{"name":"Accept","value":"*/*"},{"name":"User-Agent","value":"Thunder Client (https://www.thunderclient.io)"}],"colId":"9e685b67-a27e-4176-a7e5-aa9e380ea988","name":"Delete Admin","url":"http://localhost:5000/api/admins/delete/2","method":"DELETE","modified":"2021-11-29T15:34:09.176Z","created":"2021-11-23T14:36:15.035Z","_id":"2f648bc1-64da-449f-a875-052194e5c543","params":[],"tests":[]}]}
