{"client":"Thunder Client","collectionName":"CAC","dateExported":"2021-08-13T17:19:50.277Z","version":"1.1","folders":[],"requests":[{"containerId":"","sortNum":10000,"headers":[{"name":"Accept","value":"*/*"},{"name":"User-Agent","value":"Thunder Client (https://www.thunderclient.io)"}],"colId":"ed011768-1aae-492f-ba98-3b10ed12c73a","name":"GetAllCAC","url":"localhost:5000/api/CAC/all","method":"GET","modified":"2021-08-13T16:44:04.889Z","created":"2021-08-13T16:17:49.195Z","_id":"31e813ab-24c6-4893-8ccd-89d878b041a7","params":[],"tests":[]},{"containerId":"","sortNum":20000,"headers":[{"name":"Accept","value":"*/*"},{"name":"User-Agent","value":"Thunder Client (https://www.thunderclient.io)"}],"colId":"ed011768-1aae-492f-ba98-3b10ed12c73a","name":"GetCACByID","url":"localhost:5000/api/CAC/1","method":"GET","modified":"2021-08-13T16:47:06.823Z","created":"2021-08-13T16:44:12.224Z","_id":"5ffb6ca3-c8d6-4029-9ae6-66306ac9411c","params":[],"tests":[]},{"containerId":"","sortNum":30000,"headers":[{"name":"Accept","value":"*/*"},{"name":"User-Agent","value":"Thunder Client (https://www.thunderclient.io)"}],"colId":"ed011768-1aae-492f-ba98-3b10ed12c73a","name":"AddCAC","url":"localhost:5000/api/CAC/add","method":"POST","modified":"2021-08-13T17:17:29.212Z","created":"2021-08-13T16:48:03.503Z","_id":"5f3f39d1-ca98-40e2-a8d4-69149880a946","params":[],"body":{"type":"json","raw":"{\n    \"customer_id\": 2,\n    \"address_id\": 3\n}","form":[]},"tests":[]},{"containerId":"","sortNum":40000,"headers":[{"name":"Accept","value":"*/*"},{"name":"User-Agent","value":"Thunder Client (https://www.thunderclient.io)"}],"colId":"ed011768-1aae-492f-ba98-3b10ed12c73a","name":"DeleteCAC","url":"localhost:5000/api/CAC/delete/1","method":"DELETE","modified":"2021-08-13T17:19:44.251Z","created":"2021-08-13T16:48:03.503Z","_id":"9f977c6f-1e7c-4e52-9d16-130563e67a49","params":[],"body":{"type":"json","raw":"{\n    \"customer_id\": 2,\n    \"address_id\": 3\n}","form":[]},"tests":[]}]}
