{"client":"Thunder Client","collectionName":"Categories","dateExported":"2021-08-13T19:45:47.894Z","version":"1.1","folders":[],"requests":[{"containerId":"","sortNum":10000,"headers":[{"name":"Accept","value":"*/*"},{"name":"User-Agent","value":"Thunder Client (https://www.thunderclient.io)"}],"colId":"f2e26e6b-3bbb-4d97-9949-39320a3bb23b","name":"GetAllCategories","url":"http://localhost:5000/api/Categories/all","method":"GET","modified":"2021-08-13T14:56:54.462Z","created":"2021-08-13T14:56:54.462Z","_id":"720472c7-eb78-4bc1-98f5-f3a2341ebfe1","params":[],"tests":[]},{"containerId":"","sortNum":20000,"headers":[{"name":"Accept","value":"*/*"},{"name":"User-Agent","value":"Thunder Client (https://www.thunderclient.io)"}],"colId":"f2e26e6b-3bbb-4d97-9949-39320a3bb23b","name":"GetCategoryByID","url":"http://localhost:5000/api/Categories/1","method":"GET","modified":"2021-08-13T14:56:54.462Z","created":"2021-08-13T14:56:54.462Z","_id":"c87b05b4-7e89-47fb-9f57-0df72c57928d","params":[],"tests":[]},{"containerId":"","sortNum":30000,"headers":[{"name":"Accept","value":"*/*"},{"name":"User-Agent","value":"Thunder Client (https://www.thunderclient.io)"}],"colId":"f2e26e6b-3bbb-4d97-9949-39320a3bb23b","name":"AddCategory","url":"http://localhost:5000/api/Categories/add","method":"POST","modified":"2021-08-13T14:56:54.462Z","created":"2021-08-13T14:56:54.462Z","_id":"8f1bdd29-4045-44d9-82ec-ed3ff7aeb7e1","params":[],"body":{"type":"json","raw":"{\n    \"category_name\": \"Fruits & Vegetables\",\n    \"category_info\": \"Fresh & Healthy\",\n    \"category_image\": \"https://nhncwtttsf-flywheel.netdna-ssl.com/6/wp-content/uploads/sites/29/2019/01/Eat-Vegetables.jpg\"\n}","form":[]},"tests":[]},{"containerId":"","sortNum":40000,"headers":[{"name":"Accept","value":"*/*"},{"name":"User-Agent","value":"Thunder Client (https://www.thunderclient.io)"}],"colId":"f2e26e6b-3bbb-4d97-9949-39320a3bb23b","name":"UpdateCategory","url":"http://localhost:5000/api/Categories/update/1","method":"PUT","modified":"2021-08-13T14:56:54.462Z","created":"2021-08-13T14:56:54.462Z","_id":"4648f91b-02de-402c-8e57-8589424b17c1","params":[],"body":{"type":"json","raw":"{\n    \"category_name\": \"Fruits & Vegetables\",\n    \"category_info\": \"Fresh & Healthy\",\n    \"category_image\": \"https://nhncwtttsf-flywheel.netdna-ssl.com/6/wp-content/uploads/sites/29/2019/01/Eat-Vegetables.jpg\"\n}","form":[]},"tests":[]},{"containerId":"","sortNum":50000,"headers":[{"name":"Accept","value":"*/*"},{"name":"User-Agent","value":"Thunder Client (https://www.thunderclient.io)"}],"colId":"f2e26e6b-3bbb-4d97-9949-39320a3bb23b","name":"ActivateCategory","url":"http://localhost:5000/api/Categories/activate/1","method":"PUT","modified":"2021-08-13T14:56:54.462Z","created":"2021-08-13T14:56:54.462Z","_id":"99a78117-ab32-439e-9d9e-5c7cb13417c5","params":[],"tests":[]},{"containerId":"","sortNum":60000,"headers":[{"name":"Accept","value":"*/*"},{"name":"User-Agent","value":"Thunder Client (https://www.thunderclient.io)"}],"colId":"f2e26e6b-3bbb-4d97-9949-39320a3bb23b","name":"DeactivateCategory","url":"http://localhost:5000/api/Categories/deactivate/1","method":"PUT","modified":"2021-08-13T14:56:54.462Z","created":"2021-08-13T14:56:54.462Z","_id":"f70653e6-9629-44b3-8003-0be0b3af205e","params":[],"tests":[]},{"containerId":"","sortNum":70000,"headers":[{"name":"Accept","value":"*/*"},{"name":"User-Agent","value":"Thunder Client (https://www.thunderclient.io)"}],"colId":"f2e26e6b-3bbb-4d97-9949-39320a3bb23b","name":"DeleteCategory","url":"http://localhost:5000/api/Categories/delete/1","method":"DELETE","modified":"2021-08-13T14:56:54.462Z","created":"2021-08-13T14:56:54.462Z","_id":"4872bafa-59fc-45b9-aa92-2de0719eb6b3","params":[],"tests":[]},{"containerId":"","sortNum":80000,"headers":[{"name":"Accept","value":"*/*"},{"name":"User-Agent","value":"Thunder Client (https://www.thunderclient.io)"}],"colId":"f2e26e6b-3bbb-4d97-9949-39320a3bb23b","name":"Multiple Images Upload","url":"localhost:5000/api/categories/multipleup","method":"POST","modified":"2021-08-13T19:40:49.486Z","created":"2021-08-13T19:40:25.010Z","_id":"0e6b3803-d9b7-4cba-bcb5-dabb20efd0d3","params":[],"body":{"type":"formdata","raw":"","form":[],"files":[{"name":"images","value":"E:\\Pictures\\662034-funny_cow_pink_glasses_super_400x400.jpg"},{"name":"images","value":"E:\\Pictures\\Fiji-Blue-Waves-Lyrics.jpg"}]},"tests":[]},{"containerId":"","sortNum":90000,"headers":[{"name":"Accept","value":"*/*"},{"name":"User-Agent","value":"Thunder Client (https://www.thunderclient.io)"}],"colId":"f2e26e6b-3bbb-4d97-9949-39320a3bb23b","name":"Upload Single Image","url":"localhost:5000/api/categories/singleup","method":"POST","modified":"2021-08-13T19:42:21.300Z","created":"2021-08-13T19:41:37.944Z","_id":"f8f1d930-3285-4ff2-82ed-e520577916d8","params":[],"body":{"type":"formdata","raw":"","form":[],"files":[{"name":"image","value":"E:\\Pictures\\662034-funny_cow_pink_glasses_super_400x400.jpg"}]},"tests":[]}]}
