{"client":"Thunder Client","collectionName":"Credit Cards","dateExported":"2021-08-08T20:14:32.339Z","version":"1.1","folders":[],"requests":[{"containerId":"","sortNum":10000,"headers":[{"name":"Accept","value":"*/*"},{"name":"User-Agent","value":"Thunder Client (https://www.thunderclient.io)"}],"colId":"46259ba9-7c4b-4736-9e0e-e5fcb3e45cae","name":"AddCreditCard","url":"localhost:5000/api/CreditCards/add","method":"POST","modified":"2021-08-08T20:03:28.723Z","created":"2021-08-07T20:52:36.434Z","_id":"b6bf3d27-47ae-46f3-ba15-db17c5a84176","params":[],"body":{"type":"json","raw":"{\n    \"credit_card_number\": \"4580222211116320\",\n    \"credit_card_date\": \"01/25\",\n    \"credit_card_cvv\": \"123\",\n    \"credit_card_name\": \"Bobo Kobo\"\n}","form":[]},"tests":[]},{"containerId":"","sortNum":20000,"headers":[{"name":"Accept","value":"*/*"},{"name":"User-Agent","value":"Thunder Client (https://www.thunderclient.io)"}],"colId":"46259ba9-7c4b-4736-9e0e-e5fcb3e45cae","name":"GetAllCreditCards","url":"localhost:5000/api/CreditCards/all","method":"GET","modified":"2021-08-08T20:07:17.215Z","created":"2021-08-04T21:28:30.203Z","_id":"9b983ec1-edc7-4a84-a98c-29f6ec50161d","params":[],"tests":[]},{"containerId":"","sortNum":30000,"headers":[{"name":"Accept","value":"*/*"},{"name":"User-Agent","value":"Thunder Client (https://www.thunderclient.io)"}],"colId":"46259ba9-7c4b-4736-9e0e-e5fcb3e45cae","name":"GetCreditCardByID","url":"localhost:5000/api/CreditCards/1","method":"GET","modified":"2021-08-08T20:08:14.141Z","created":"2021-08-04T21:28:30.203Z","_id":"de5cd7d3-bd3c-4ce3-9bc1-68e450410faa","params":[],"tests":[]},{"containerId":"","sortNum":40000,"headers":[{"name":"Accept","value":"*/*"},{"name":"User-Agent","value":"Thunder Client (https://www.thunderclient.io)"}],"colId":"46259ba9-7c4b-4736-9e0e-e5fcb3e45cae","name":"UpdateCreditCard","url":"localhost:5000/api/CreditCards/update/4","method":"PUT","modified":"2021-08-08T20:12:54.009Z","created":"2021-08-04T21:28:30.203Z","_id":"1b696a93-0204-4b5f-b7d3-a77151a1aa52","params":[],"body":{"type":"json","raw":"{\n    \"credit_card_number\": \"458021211416320\",\n    \"credit_card_date\": \"01/26\",\n    \"credit_card_cvv\": \"1553\",\n    \"credit_card_name\": \"Rome Dome\"\n}","form":[]},"tests":[]},{"containerId":"","sortNum":50000,"headers":[{"name":"Accept","value":"*/*"},{"name":"User-Agent","value":"Thunder Client (https://www.thunderclient.io)"}],"colId":"46259ba9-7c4b-4736-9e0e-e5fcb3e45cae","name":"DeleteCreditCard","url":"localhost:5000/api/CreditCards/delete/3","method":"DELETE","modified":"2021-08-08T20:14:22.035Z","created":"2021-08-04T21:28:30.203Z","_id":"ca8c2a49-742c-4977-9176-0cff37a575fd","params":[],"body":{"type":"json","raw":"{\n    \"credit_card_number\": \"458021211416320\",\n    \"credit_card_date\": \"01/26\",\n    \"credit_card_cvv\": \"1553\",\n    \"credit_card_name\": \"Rome Dome\"\n}","form":[]},"tests":[]}]}
