{"client":"Thunder Client","collectionName":"Customers","dateExported":"2021-08-08T20:14:45.879Z","version":"1.1","folders":[],"requests":[{"containerId":"","sortNum":10000,"headers":[{"name":"Accept","value":"*/*"},{"name":"User-Agent","value":"Thunder Client (https://www.thunderclient.io)"}],"colId":"425c322d-db9e-4dcf-8e04-3e9732b62660","name":"RegisterCustomer","url":"localhost:5000/api/Customers/register","method":"POST","modified":"2021-08-07T22:18:56.570Z","created":"2021-08-07T22:11:56.680Z","_id":"6fec6926-d941-4c0b-acf4-06c3150bdaf7","params":[],"body":{"type":"json","raw":"{\n    \"customer_first_name\": \"Elad\",\n    \"customer_last_name\": \"Or\",\n    \"customer_email\": \"elado@gmail.com\",\n    \"customer_phone_number\": \"0506943349\",\n    \"customer_birthdate\": \"2017-05-11\",\n    \"customer_password\": \"Hoho1234\",\n    \"customer_city\": \"Tel Aviv\",\n    \"address_id\": 1,\n    \"credit_card_id\": 1\n}","form":[]},"tests":[]},{"containerId":"","sortNum":20000,"headers":[{"name":"Accept","value":"*/*"},{"name":"User-Agent","value":"Thunder Client (https://www.thunderclient.io)"}],"colId":"425c322d-db9e-4dcf-8e04-3e9732b62660","name":"LoginCustomer","url":"localhost:5000/api/Customers/login","method":"POST","modified":"2021-08-07T22:29:01.016Z","created":"2021-08-07T22:11:56.680Z","_id":"553c28b9-59a0-4d43-993b-6a1bf18c3565","params":[],"body":{"type":"json","raw":"{\n    \"customer_email\": \"elado@gmail.com\",\n    \"customer_password\": \"Hoho1234\"\n}","form":[]},"tests":[]},{"containerId":"","sortNum":30000,"headers":[{"name":"Accept","value":"*/*"},{"name":"User-Agent","value":"Thunder Client (https://www.thunderclient.io)"}],"colId":"425c322d-db9e-4dcf-8e04-3e9732b62660","name":"GetCustomers","url":"localhost:5000/api/Customers/all","method":"GET","modified":"2021-08-07T22:30:48.152Z","created":"2021-08-07T22:06:12.419Z","_id":"226fbe97-9aa0-4e03-ab7f-772a96ed0621","params":[],"tests":[]},{"containerId":"","sortNum":40000,"headers":[{"name":"Accept","value":"*/*"},{"name":"User-Agent","value":"Thunder Client (https://www.thunderclient.io)"}],"colId":"425c322d-db9e-4dcf-8e04-3e9732b62660","name":"GetCustomerByID","url":"localhost:5000/api/Customers/1","method":"GET","modified":"2021-08-07T22:33:25.021Z","created":"2021-08-07T22:06:12.419Z","_id":"953557bd-53c3-4de0-a9f8-7d5e2d9fbe21","params":[],"tests":[]},{"containerId":"","sortNum":50000,"headers":[{"name":"Accept","value":"*/*"},{"name":"User-Agent","value":"Thunder Client (https://www.thunderclient.io)"}],"colId":"425c322d-db9e-4dcf-8e04-3e9732b62660","name":"UpdateCustomer","url":"localhost:5000/api/Customers/update/1","method":"PUT","modified":"2021-08-07T22:44:12.417Z","created":"2021-08-07T22:06:12.419Z","_id":"b3445291-303f-4077-ac1f-852e582f0522","params":[],"body":{"type":"json","raw":"{\n    \"customer_phone_number\": \"0506943349\",\n    \"customer_password\": \"Hoho1555\",\n    \"customer_city\": \"Tel Aviv\",\n    \"address_id\": 1\n}","form":[]},"tests":[]},{"containerId":"","sortNum":60000,"headers":[{"name":"Accept","value":"*/*"},{"name":"User-Agent","value":"Thunder Client (https://www.thunderclient.io)"}],"colId":"425c322d-db9e-4dcf-8e04-3e9732b62660","name":"DeleteCustomer","url":"localhost:5000/api/Customers/delete/1","method":"DELETE","modified":"2021-08-07T22:46:09.043Z","created":"2021-08-07T22:45:56.895Z","_id":"c26590cd-6f17-4251-9503-1eaa88b94127","params":[],"body":{"type":"json","raw":"{\n    \"customer_id\": 1\n}","form":[]},"tests":[]}]}
