{"client":"Thunder Client","collectionName":"General Commands","dateExported":"2021-08-21T22:07:56.904Z","version":"1.1","folders":[],"requests":[{"containerId":"","sortNum":10000,"headers":[{"name":"Accept","value":"*/*"},{"name":"User-Agent","value":"Thunder Client (https://www.thunderclient.io)"}],"colId":"67066627-7a00-4023-8b43-1fd9a8140a1c","name":"Reseed Table","url":"http://localhost:5000/api/reseed/table/0","method":"PUT","modified":"2021-08-21T22:07:49.835Z","created":"2021-08-21T22:06:07.370Z","_id":"7070af20-51c7-4a5d-a77a-1fd2630deec2","params":[],"body":{"type":"json","raw":"{\n    \"table_name\": \"Products\"\n}","form":[]},"tests":[]}]}
