{"client":"Thunder Client","collectionName":"GroceryShops","dateExported":"2021-08-08T17:00:43.325Z","version":"1.1","folders":[],"requests":[{"containerId":"","sortNum":10000,"headers":[{"name":"Accept","value":"*/*"},{"name":"User-Agent","value":"Thunder Client (https://www.thunderclient.io)"}],"colId":"9a84d87f-e8f1-4d05-b0f8-b91a9b9bd65d","name":"GetAllShops","url":"http://localhost:5000/api/Shops/all","method":"GET","modified":"2021-08-08T16:17:57.067Z","created":"2021-05-03T18:06:55.670Z","_id":"ee626d76-f5a1-491c-b354-435119ba837f","params":[],"tests":[]},{"containerId":"","sortNum":20000,"headers":[{"name":"Accept","value":"*/*"},{"name":"User-Agent","value":"Thunder Client (https://www.thunderclient.io)"}],"colId":"9a84d87f-e8f1-4d05-b0f8-b91a9b9bd65d","name":"GetShopByID","url":"http://localhost:5000/api/Managers/all","method":"GET","modified":"2021-08-08T16:45:10.603Z","created":"2021-05-03T18:06:55.670Z","_id":"3a121a0f-17b0-497e-8d4f-b1f651ee0cb3","params":[],"tests":[]},{"containerId":"","sortNum":30000,"headers":[{"name":"Accept","value":"*/*"},{"name":"User-Agent","value":"Thunder Client (https://www.thunderclient.io)"}],"colId":"9a84d87f-e8f1-4d05-b0f8-b91a9b9bd65d","name":"AddShop","url":"http://localhost:5000/api/Shops/add","method":"POST","modified":"2021-08-08T16:50:55.934Z","created":"2021-05-03T18:06:55.670Z","_id":"a7202eea-f27c-41c3-9f91-0d1d2049589d","params":[],"body":{"type":"json","raw":"{\n    \"grocery_shop_name\": \"Goodies\",\n    \"grocery_shop_city\": \"Tel Aviv\",\n    \"grocery_shop_radius\": 3,\n    \"grocery_shop_opening_times\": \"24/7\",\n    \"grocery_shop_phone_number\": \"037551114\",\n    \"grocery_shop_contact_name\": \"Gregory James\",\n    \"retailer_id\": 6,\n    \"address_id\": 3\n}","form":[]},"tests":[]},{"containerId":"","sortNum":40000,"headers":[{"name":"Accept","value":"*/*"},{"name":"User-Agent","value":"Thunder Client (https://www.thunderclient.io)"}],"colId":"9a84d87f-e8f1-4d05-b0f8-b91a9b9bd65d","name":"UpdateShop","url":"http://localhost:5000/api/Shops/update/1","method":"PUT","modified":"2021-08-08T16:57:32.228Z","created":"2021-05-03T18:06:55.670Z","_id":"905312da-70ca-477c-baf8-c60502b8dcda","params":[],"body":{"type":"json","raw":"{\n    \"grocery_shop_name\": \"Goodies\",\n    \"grocery_shop_city\": \"Tel Aviv\",\n    \"grocery_shop_radius\": 3,\n    \"grocery_shop_opening_times\": \"24/7\",\n    \"grocery_shop_phone_number\": \"037551114\",\n    \"grocery_shop_contact_name\": \"Gregory James\",\n    \"retailer_id\": 6,\n    \"address_id\": 3\n}","form":[]},"tests":[]},{"containerId":"","sortNum":50000,"headers":[{"name":"Accept","value":"*/*"},{"name":"User-Agent","value":"Thunder Client (https://www.thunderclient.io)"}],"colId":"9a84d87f-e8f1-4d05-b0f8-b91a9b9bd65d","name":"ActivateShop","url":"http://localhost:5000/api/Shops/activate/1","method":"PUT","modified":"2021-08-08T16:57:55.684Z","created":"2021-05-03T18:06:55.670Z","_id":"b4fbc887-2312-42cf-9f40-3f73d6aeecd7","params":[],"body":{"type":"json","raw":"{\n    \"grocery_shop_name\": \"Goodies\",\n    \"grocery_shop_city\": \"Tel Aviv\",\n    \"grocery_shop_radius\": 3,\n    \"grocery_shop_opening_times\": \"24/7\",\n    \"grocery_shop_phone_number\": \"037551114\",\n    \"grocery_shop_contact_name\": \"Gregory James\",\n    \"retailer_id\": 6,\n    \"address_id\": 3\n}","form":[]},"tests":[]},{"containerId":"","sortNum":60000,"headers":[{"name":"Accept","value":"*/*"},{"name":"User-Agent","value":"Thunder Client (https://www.thunderclient.io)"}],"colId":"9a84d87f-e8f1-4d05-b0f8-b91a9b9bd65d","name":"DeactivateShop","url":"http://localhost:5000/api/Shops/deactivate/1","method":"PUT","modified":"2021-08-08T16:58:42.647Z","created":"2021-05-03T18:06:55.670Z","_id":"764ad676-99b8-442a-b0bb-e7deae8bfe50","params":[],"body":{"type":"json","raw":"{\n    \"grocery_shop_name\": \"Goodies\",\n    \"grocery_shop_city\": \"Tel Aviv\",\n    \"grocery_shop_radius\": 3,\n    \"grocery_shop_opening_times\": \"24/7\",\n    \"grocery_shop_phone_number\": \"037551114\",\n    \"grocery_shop_contact_name\": \"Gregory James\",\n    \"retailer_id\": 6,\n    \"address_id\": 3\n}","form":[]},"tests":[]},{"containerId":"","sortNum":70000,"headers":[{"name":"Accept","value":"*/*"},{"name":"User-Agent","value":"Thunder Client (https://www.thunderclient.io)"}],"colId":"9a84d87f-e8f1-4d05-b0f8-b91a9b9bd65d","name":"DeleteShop","url":"http://localhost:5000/api/Shops/delete/1","method":"DELETE","modified":"2021-08-08T17:00:32.029Z","created":"2021-05-03T18:06:55.670Z","_id":"44fceb6e-d8ba-4d78-a4d8-a457977fb507","params":[],"tests":[]}]}
