{"client":"Thunder Client","collectionName":"Invoices","dateExported":"2021-08-09T11:00:26.987Z","version":"1.1","folders":[],"requests":[{"containerId":"","sortNum":10000,"headers":[{"name":"Accept","value":"*/*"},{"name":"User-Agent","value":"Thunder Client (https://www.thunderclient.io)"}],"colId":"b593ce22-59e4-4dbd-a346-37155cb3c678","name":"GetAllInvoices","url":"http://localhost:5000/api/Invoices/all","method":"GET","modified":"2021-08-09T08:55:39.274Z","created":"2021-05-03T18:06:55.670Z","_id":"5731800c-31f9-4d9a-92fc-240bfb3eced9","params":[],"body":{"type":"json","raw":"{\n     \"customer_id\": 2,\n     \"amount_total\": 200,\n     \"payment_date\": \"2021-08-07\",\n     \"order_id\": 8,\n     \"payment_status\": \"completed\",\n     \"credit_card_id\": 2\n}","form":[]},"tests":[]},{"containerId":"","sortNum":20000,"headers":[{"name":"Accept","value":"*/*"},{"name":"User-Agent","value":"Thunder Client (https://www.thunderclient.io)"}],"colId":"b593ce22-59e4-4dbd-a346-37155cb3c678","name":"GetInvoiceByID","url":"http://localhost:5000/api/Invoices/1","method":"GET","modified":"2021-08-09T10:13:36.978Z","created":"2021-05-03T18:06:55.670Z","_id":"8a910842-7b59-4d2f-b9ec-603ee6c87e31","params":[],"body":{"type":"json","raw":"{\n     \"customer_id\": 2,\n     \"amount_total\": 200,\n     \"payment_date\": \"2021-08-07\",\n     \"order_id\": 8,\n     \"payment_status\": \"completed\",\n     \"credit_card_id\": 2\n}","form":[]},"tests":[]},{"containerId":"","sortNum":30000,"headers":[{"name":"Accept","value":"*/*"},{"name":"User-Agent","value":"Thunder Client (https://www.thunderclient.io)"}],"colId":"b593ce22-59e4-4dbd-a346-37155cb3c678","name":"AddInvoice","url":"http://localhost:5000/api/Invoices/add","method":"POST","modified":"2021-08-09T10:51:02.131Z","created":"2021-05-03T18:06:55.670Z","_id":"d224069f-7d72-4e08-a583-1beab5e69f59","params":[],"body":{"type":"json","raw":"{\n     \"transaction_id\": 11,\n     \"customer_id\": 3,\n     \"amount_total\": 100,\n     \"invoice_date\": \"2021-08-09\"\n}","form":[]},"tests":[]},{"containerId":"","sortNum":40000,"headers":[{"name":"Accept","value":"*/*"},{"name":"User-Agent","value":"Thunder Client (https://www.thunderclient.io)"}],"colId":"b593ce22-59e4-4dbd-a346-37155cb3c678","name":"UpdateInvoice - Do we need it?","url":"http://localhost:5000/api/Invoices/update/5","method":"PUT","modified":"2021-08-09T10:59:45.170Z","created":"2021-05-03T18:06:55.670Z","_id":"5e5c1e3e-75ce-4bc9-bdf5-2d4a6d4f77c9","params":[],"body":{"type":"json","raw":"{\n     \"transaction_id\": 11,\n     \"customer_id\": 2,\n     \"amount_total\": 100,\n     \"invoice_date\": \"2021-08-19\"\n}","form":[]},"tests":[]},{"containerId":"","sortNum":50000,"headers":[{"name":"Accept","value":"*/*"},{"name":"User-Agent","value":"Thunder Client (https://www.thunderclient.io)"}],"colId":"b593ce22-59e4-4dbd-a346-37155cb3c678","name":"DeleteInvoice","url":"http://localhost:5000/api/Invoices/delete/5","method":"DELETE","modified":"2021-08-09T11:00:20.323Z","created":"2021-05-03T18:06:55.670Z","_id":"59a51cac-7a86-4824-8cc4-2b36d73e857b","params":[],"body":{"type":"json","raw":"{\n     \"transaction_id\": 11,\n     \"customer_id\": 2,\n     \"amount_total\": 100,\n     \"invoice_date\": \"2021-08-19\"\n}","form":[]},"tests":[]}]}
