{"client":"Thunder Client","collectionName":"Orders","dateExported":"2021-08-09T06:19:49.242Z","version":"1.1","folders":[],"requests":[{"containerId":"","sortNum":10000,"headers":[{"name":"Accept","value":"*/*"},{"name":"User-Agent","value":"Thunder Client (https://www.thunderclient.io)"}],"colId":"f9a4f8c3-44b5-426b-bc18-6859447960a1","name":"GetAllOrders","url":"http://localhost:5000/api/Orders/all","method":"GET","modified":"2021-08-09T05:58:02.671Z","created":"2021-05-03T18:06:55.670Z","_id":"c17b8ea3-47a8-4790-ba8b-e1b22aa4ec5c","params":[],"tests":[]},{"containerId":"","sortNum":20000,"headers":[{"name":"Accept","value":"*/*"},{"name":"User-Agent","value":"Thunder Client (https://www.thunderclient.io)"}],"colId":"f9a4f8c3-44b5-426b-bc18-6859447960a1","name":"GetOrderByID","url":"http://localhost:5000/api/Orders/1","method":"GET","modified":"2021-08-09T05:58:26.271Z","created":"2021-05-03T18:06:55.670Z","_id":"b6dc2fed-54d0-4db9-9043-3d2c1282bf49","params":[],"tests":[]},{"containerId":"","sortNum":30000,"headers":[{"name":"Accept","value":"*/*"},{"name":"User-Agent","value":"Thunder Client (https://www.thunderclient.io)"}],"colId":"f9a4f8c3-44b5-426b-bc18-6859447960a1","name":"AddOrder","url":"http://localhost:5000/api/Orders/add","method":"POST","modified":"2021-08-09T06:08:13.375Z","created":"2021-05-03T18:06:55.670Z","_id":"85057d29-10f1-4330-8ce8-75b4be47f92e","params":[],"body":{"type":"json","raw":"{\n     \"order_status\": \"בתהליך\",\n     \"order_discount\": 20.5,\n     \"order_total_price\": 250.85,\n     \"order_details\": \"Banana - 5kg, Apple - 2kg, Plum - 1kg\",\n     \"order_date\": \"2021-01-21\",\n     \"customer_id\": 2,\n     \"order_ship_date_preference\": \"2021-01-22\",\n     \"grocery_shop_id\": 7\n}","form":[]},"tests":[]},{"containerId":"","sortNum":40000,"headers":[{"name":"Accept","value":"*/*"},{"name":"User-Agent","value":"Thunder Client (https://www.thunderclient.io)"}],"colId":"f9a4f8c3-44b5-426b-bc18-6859447960a1","name":"UpdateOrder (foreign id problem)","url":"http://localhost:5000/api/Orders/update/8","method":"PUT","modified":"2021-08-09T06:16:38.496Z","created":"2021-05-03T18:06:55.670Z","_id":"affcd47c-ee2a-43a2-a551-a40e3e8874d9","params":[],"body":{"type":"json","raw":"{\n     \"order_status\": \"בתהליך\",\n     \"order_total_price\": 230.85,\n     \"order_details\": \"Banana - 4kg, Apple - 1kg, Plum - 1kg\",\n     \"grocery_shop_id\": 7\n}","form":[]},"tests":[]},{"containerId":"","sortNum":50000,"headers":[{"name":"Accept","value":"*/*"},{"name":"User-Agent","value":"Thunder Client (https://www.thunderclient.io)"}],"colId":"f9a4f8c3-44b5-426b-bc18-6859447960a1","name":"DeleteOrder","url":"http://localhost:5000/api/Orders/delete/1","method":"DELETE","modified":"2021-08-09T06:18:05.800Z","created":"2021-05-03T18:06:55.670Z","_id":"1e6897ea-882d-4414-8055-99d47f3d65f9","params":[],"body":{"type":"json","raw":"{\n     \"order_status\": \"בתהליך\",\n     \"order_total_price\": 230.85,\n     \"order_details\": \"Banana - 4kg, Apple - 1kg, Plum - 1kg\",\n     \"grocery_shop_id\": 7\n}","form":[]},"tests":[]}]}
