{"client":"Thunder Client","collectionName":"PaymentTransactions","dateExported":"2021-08-09T08:05:24.432Z","version":"1.1","folders":[],"requests":[{"containerId":"","sortNum":10000,"headers":[{"name":"Accept","value":"*/*"},{"name":"User-Agent","value":"Thunder Client (https://www.thunderclient.io)"}],"colId":"71328a81-6499-4e85-aff2-034a7814397c","name":"GetAllTransactions","url":"http://localhost:5000/api/transactions/all","method":"GET","modified":"2021-08-09T07:14:42.796Z","created":"2021-05-03T18:06:55.670Z","_id":"e2c22be6-d2ae-4d29-93cf-12831caaabe3","params":[],"body":{"type":"json","raw":"{\n     \"order_status\": \"בתהליך\",\n     \"order_total_price\": 230.85,\n     \"order_details\": \"Banana - 4kg, Apple - 1kg, Plum - 1kg\",\n     \"grocery_shop_id\": 7\n}","form":[]},"tests":[]},{"containerId":"","sortNum":20000,"headers":[{"name":"Accept","value":"*/*"},{"name":"User-Agent","value":"Thunder Client (https://www.thunderclient.io)"}],"colId":"71328a81-6499-4e85-aff2-034a7814397c","name":"GetTransactionByID","url":"http://localhost:5000/api/transactions/1","method":"GET","modified":"2021-08-09T07:15:03.219Z","created":"2021-05-03T18:06:55.670Z","_id":"cb3a4e00-d52e-498c-9943-be29ecd94aeb","params":[],"body":{"type":"json","raw":"{\n     \"order_status\": \"בתהליך\",\n     \"order_total_price\": 230.85,\n     \"order_details\": \"Banana - 4kg, Apple - 1kg, Plum - 1kg\",\n     \"grocery_shop_id\": 7\n}","form":[]},"tests":[]},{"containerId":"","sortNum":30000,"headers":[{"name":"Accept","value":"*/*"},{"name":"User-Agent","value":"Thunder Client (https://www.thunderclient.io)"}],"colId":"71328a81-6499-4e85-aff2-034a7814397c","name":"UpdateTransaction","url":"http://localhost:5000/api/transactions/update/1","method":"PUT","modified":"2021-08-09T07:56:53.110Z","created":"2021-05-03T18:06:55.670Z","_id":"22c2dad4-62d9-4202-985c-f36305f5be59","params":[],"body":{"type":"json","raw":"{\n     \"customer_id\": 1,\n     \"amount_total\": 200,\n     \"payment_date\": \"2021-08-07\",\n     \"order_id\": 1,\n     \"payment_status\": \"completed\",\n     \"credit_card_id\": 3\n}","form":[]},"tests":[]},{"containerId":"","sortNum":40000,"headers":[{"name":"Accept","value":"*/*"},{"name":"User-Agent","value":"Thunder Client (https://www.thunderclient.io)"}],"colId":"71328a81-6499-4e85-aff2-034a7814397c","name":"AddTransaction","url":"http://localhost:5000/api/transactions/add","method":"POST","modified":"2021-08-09T08:00:57.968Z","created":"2021-05-03T18:06:55.670Z","_id":"7260f982-0404-4015-b4ca-49bbc9bfe981","params":[],"body":{"type":"json","raw":"{\n     \"customer_id\": 2,\n     \"amount_total\": 200,\n     \"payment_date\": \"2021-08-07\",\n     \"order_id\": 8,\n     \"payment_status\": \"completed\",\n     \"credit_card_id\": 2\n}","form":[]},"tests":[]},{"containerId":"","sortNum":50000,"headers":[{"name":"Accept","value":"*/*"},{"name":"User-Agent","value":"Thunder Client (https://www.thunderclient.io)"}],"colId":"71328a81-6499-4e85-aff2-034a7814397c","name":"DeleteTransaction","url":"http://localhost:5000/api/transactions/delete/5","method":"DELETE","modified":"2021-08-09T08:03:59.143Z","created":"2021-05-03T18:06:55.670Z","_id":"4d170900-a2b5-40a9-9ba9-235340b2d08a","params":[],"body":{"type":"json","raw":"{\n     \"customer_id\": 2,\n     \"amount_total\": 200,\n     \"payment_date\": \"2021-08-07\",\n     \"order_id\": 8,\n     \"payment_status\": \"completed\",\n     \"credit_card_id\": 2\n}","form":[]},"tests":[]}]}
