{"client":"Thunder Client","collectionName":"Products","dateExported":"2021-11-01T10:10:10.012Z","version":"1.1","folders":[],"requests":[{"containerId":"","sortNum":10000,"headers":[{"name":"Accept","value":"*/*"},{"name":"User-Agent","value":"Thunder Client (https://www.thunderclient.io)"}],"colId":"984b4474-27b5-4b07-82a6-5180d9ce18e3","name":"GetAllProducts","url":"http://localhost:5000/api/Products/all","method":"GET","modified":"2021-11-01T10:07:39.390Z","created":"2021-11-01T10:07:39.390Z","_id":"d019ff7f-3d4b-445f-8cbf-373822c9b37b","params":[],"tests":[]},{"containerId":"","sortNum":11250,"headers":[{"name":"Accept","value":"*/*"},{"name":"User-Agent","value":"Thunder Client (https://www.thunderclient.io)"}],"colId":"984b4474-27b5-4b07-82a6-5180d9ce18e3","name":"Get All Discounted","url":"http://localhost:5000/api/Products/all_discounted","method":"GET","modified":"2021-11-01T10:07:39.390Z","created":"2021-11-01T10:07:39.390Z","_id":"d1365d86-c443-42d6-9fa1-4db7b85c4c2b","params":[],"tests":[]},{"containerId":"","sortNum":12500,"headers":[{"name":"Accept","value":"*/*"},{"name":"User-Agent","value":"Thunder Client (https://www.thunderclient.io)"}],"colId":"984b4474-27b5-4b07-82a6-5180d9ce18e3","name":"GetProductByID","url":"http://localhost:5000/api/Products/by_id/1","method":"GET","modified":"2021-11-01T10:08:10.395Z","created":"2021-11-01T10:07:39.390Z","_id":"fbf3ce26-9427-4cf8-98c8-133f4b238a6c","params":[],"tests":[]},{"containerId":"","sortNum":13750,"headers":[{"name":"Accept","value":"*/*"},{"name":"User-Agent","value":"Thunder Client (https://www.thunderclient.io)"}],"colId":"984b4474-27b5-4b07-82a6-5180d9ce18e3","name":"GetProductByName","url":"http://localhost:5000/api/Products/by_name/h","method":"GET","modified":"2021-11-01T10:10:05.087Z","created":"2021-11-01T10:08:56.793Z","_id":"f809490a-b940-4f5a-9b2c-be48b88044fc","params":[],"tests":[]},{"containerId":"","sortNum":15000,"headers":[{"name":"Accept","value":"*/*"},{"name":"User-Agent","value":"Thunder Client (https://www.thunderclient.io)"}],"colId":"984b4474-27b5-4b07-82a6-5180d9ce18e3","name":"Get All Products In Category","url":"http://localhost:5000/api/Products/byCategory/1","method":"GET","modified":"2021-11-01T10:07:39.390Z","created":"2021-11-01T10:07:39.390Z","_id":"905ee2c4-5798-448e-b173-2929b382d5da","params":[],"tests":[]},{"containerId":"","sortNum":17500,"headers":[{"name":"Accept","value":"*/*"},{"name":"User-Agent","value":"Thunder Client (https://www.thunderclient.io)"}],"colId":"984b4474-27b5-4b07-82a6-5180d9ce18e3","name":"Get All Products In SubCategory","url":"http://localhost:5000/api/Products/bySubCategory/1","method":"GET","modified":"2021-11-01T10:07:39.390Z","created":"2021-11-01T10:07:39.390Z","_id":"49253786-61ad-411e-a183-f1b05134ccef","params":[],"tests":[]},{"containerId":"","sortNum":22500,"headers":[{"name":"Accept","value":"*/*"},{"name":"User-Agent","value":"Thunder Client (https://www.thunderclient.io)"}],"colId":"984b4474-27b5-4b07-82a6-5180d9ce18e3","name":"Get Product Discount","url":"http://localhost:5000/api/Products/byCategory/1","method":"GET","modified":"2021-11-01T10:07:39.390Z","created":"2021-11-01T10:07:39.390Z","_id":"3599ac38-c2ef-43e8-9342-aaf719c8e265","params":[],"tests":[]},{"containerId":"","sortNum":25000,"headers":[{"name":"Accept","value":"*/*"},{"name":"User-Agent","value":"Thunder Client (https://www.thunderclient.io)"}],"colId":"984b4474-27b5-4b07-82a6-5180d9ce18e3","name":"Get Product Preview (image & price)","url":"http://localhost:5000/api/Products/preview/1","method":"GET","modified":"2021-11-01T10:07:39.390Z","created":"2021-11-01T10:07:39.390Z","_id":"5a981175-e281-4a99-a5c0-b606fc681da4","params":[],"tests":[]},{"containerId":"","sortNum":27500,"headers":[{"name":"Accept","value":"*/*"},{"name":"User-Agent","value":"Thunder Client (https://www.thunderclient.io)"}],"colId":"984b4474-27b5-4b07-82a6-5180d9ce18e3","name":"Get Product Preview2 (image, price & desc","url":"http://localhost:5000/api/Products/preview2/1","method":"GET","modified":"2021-11-01T10:07:39.390Z","created":"2021-11-01T10:07:39.390Z","_id":"9f5d711c-5e59-4ecc-9b1c-22f6e8e45e15","params":[],"tests":[]},{"containerId":"","sortNum":30000,"headers":[{"name":"Accept","value":"*/*"},{"name":"User-Agent","value":"Thunder Client (https://www.thunderclient.io)"}],"colId":"984b4474-27b5-4b07-82a6-5180d9ce18e3","name":"AddProduct","url":"http://localhost:5000/api/Products/add","method":"POST","modified":"2021-11-01T10:07:39.390Z","created":"2021-11-01T10:07:39.390Z","_id":"9ff019c7-2188-442c-9f6a-69364eeaa757","params":[],"body":{"type":"json","raw":"{\n    \"Category_id\": 1,\n    \"product_name\": \"Cucumber\",\n    \"product_price\": 5.5,\n    \"product_description\": \"מלפפון טרי וטעים\",\n    \"product_image\": \"someimageuri\",\n    \"product_suppliers\": \"חקלאי הגליל\"\n}","form":[]},"tests":[]},{"containerId":"","sortNum":35000,"headers":[{"name":"Accept","value":"*/*"},{"name":"User-Agent","value":"Thunder Client (https://www.thunderclient.io)"}],"colId":"984b4474-27b5-4b07-82a6-5180d9ce18e3","name":"UpdateProduct","url":"http://localhost:5000/api/Products/update/1","method":"PUT","modified":"2021-11-01T10:07:39.390Z","created":"2021-11-01T10:07:39.390Z","_id":"cc44957e-259c-492a-b8dd-6233a976df72","params":[],"body":{"type":"json","raw":"{\n    \"Category_id\": 1,\n    \"product_name\": \"Cucumber\",\n    \"product_price\": 5.5,\n    \"product_description\": \"מלפפון טרי וטעים\",\n    \"product_image\": \"someimageuri\",\n    \"product_suppliers\": \"חקלאי הגליל\"\n}","form":[]},"tests":[]},{"containerId":"","sortNum":40000,"headers":[{"name":"Accept","value":"*/*"},{"name":"User-Agent","value":"Thunder Client (https://www.thunderclient.io)"}],"colId":"984b4474-27b5-4b07-82a6-5180d9ce18e3","name":"DiscountProduct","url":"http://localhost:5000/api/Products/discount/1","method":"PUT","modified":"2021-11-01T10:07:39.390Z","created":"2021-11-01T10:07:39.390Z","_id":"77be274f-a8f0-4561-9cb7-39a20bb0f230","params":[],"body":{"type":"json","raw":"{\n    \"discount\": 25\n}","form":[]},"tests":[]},{"containerId":"","sortNum":42500,"headers":[{"name":"Accept","value":"*/*"},{"name":"User-Agent","value":"Thunder Client (https://www.thunderclient.io)"}],"colId":"984b4474-27b5-4b07-82a6-5180d9ce18e3","name":"CancelDiscountProduct","url":"http://localhost:5000/api/Products/discount/cancel/1","method":"PUT","modified":"2021-11-01T10:07:39.390Z","created":"2021-11-01T10:07:39.390Z","_id":"c05758d9-fd65-4aaf-b0ed-42007cfa984b","params":[],"body":{"type":"json","raw":"{\n    \"product_id\": 1\n}","form":[]},"tests":[]},{"containerId":"","sortNum":43750,"headers":[{"name":"Accept","value":"*/*"},{"name":"User-Agent","value":"Thunder Client (https://www.thunderclient.io)"}],"colId":"984b4474-27b5-4b07-82a6-5180d9ce18e3","name":"CancelDiscountCategory","url":"http://localhost:5000/api/Products/discount/cancelCategory/1","method":"PUT","modified":"2021-11-01T10:07:39.390Z","created":"2021-11-01T10:07:39.390Z","_id":"bc138e0f-f4d9-489b-8ad3-f5796e2fd018","params":[],"body":{"type":"json","raw":"{\n    \"product_id\": 1\n}","form":[]},"tests":[]},{"containerId":"","sortNum":44375,"headers":[{"name":"Accept","value":"*/*"},{"name":"User-Agent","value":"Thunder Client (https://www.thunderclient.io)"}],"colId":"984b4474-27b5-4b07-82a6-5180d9ce18e3","name":"CancelDiscountSubCategory","url":"http://localhost:5000/api/Products/discount/cancelSubCategory/1","method":"PUT","modified":"2021-11-01T10:07:39.390Z","created":"2021-11-01T10:07:39.390Z","_id":"974b839d-678e-4aac-a2be-09aef3980b37","params":[],"body":{"type":"json","raw":"{\n    \"product_id\": 1\n}","form":[]},"tests":[]},{"containerId":"","sortNum":45000,"headers":[{"name":"Accept","value":"*/*"},{"name":"User-Agent","value":"Thunder Client (https://www.thunderclient.io)"}],"colId":"984b4474-27b5-4b07-82a6-5180d9ce18e3","name":"DiscountCategory","url":"http://localhost:5000/api/Products/discount/category/1","method":"PUT","modified":"2021-11-01T10:07:39.390Z","created":"2021-11-01T10:07:39.390Z","_id":"c2f12050-5243-4ca6-ac63-8e85676e02e4","params":[],"body":{"type":"json","raw":"{\n    \"discount\": 25\n}","form":[]},"tests":[]},{"containerId":"","sortNum":47500,"headers":[{"name":"Accept","value":"*/*"},{"name":"User-Agent","value":"Thunder Client (https://www.thunderclient.io)"}],"colId":"984b4474-27b5-4b07-82a6-5180d9ce18e3","name":"DiscountSubCategory","url":"http://localhost:5000/api/Products/discount/subCategory/1","method":"PUT","modified":"2021-11-01T10:07:39.390Z","created":"2021-11-01T10:07:39.390Z","_id":"8de13d1a-212e-48bd-ac06-e1f0ee83350e","params":[],"body":{"type":"json","raw":"{\n    \"discount\": 25\n}","form":[]},"tests":[]},{"containerId":"","sortNum":50000,"headers":[{"name":"Accept","value":"*/*"},{"name":"User-Agent","value":"Thunder Client (https://www.thunderclient.io)"}],"colId":"984b4474-27b5-4b07-82a6-5180d9ce18e3","name":"ActivateProduct","url":"http://localhost:5000/api/Products/activate/1","method":"PUT","modified":"2021-11-01T10:07:39.390Z","created":"2021-11-01T10:07:39.390Z","_id":"af601875-4a08-4ee7-895b-c75517538364","params":[],"tests":[]},{"containerId":"","sortNum":60000,"headers":[{"name":"Accept","value":"*/*"},{"name":"User-Agent","value":"Thunder Client (https://www.thunderclient.io)"}],"colId":"984b4474-27b5-4b07-82a6-5180d9ce18e3","name":"DeactivateProduct","url":"http://localhost:5000/api/Products/deactivate/1","method":"PUT","modified":"2021-11-01T10:07:39.390Z","created":"2021-11-01T10:07:39.390Z","_id":"fabd4c89-842e-49e4-a6e0-da9dcb97327d","params":[],"tests":[]},{"containerId":"","sortNum":70000,"headers":[{"name":"Accept","value":"*/*"},{"name":"User-Agent","value":"Thunder Client (https://www.thunderclient.io)"}],"colId":"984b4474-27b5-4b07-82a6-5180d9ce18e3","name":"DeleteProduct","url":"http://localhost:5000/api/Products/delete/1","method":"DELETE","modified":"2021-11-01T10:07:39.390Z","created":"2021-11-01T10:07:39.390Z","_id":"bc1f7799-2d59-400f-b9fd-db33061348dc","params":[],"tests":[]},{"containerId":"","sortNum":80000,"headers":[{"name":"Accept","value":"*/*"},{"name":"User-Agent","value":"Thunder Client (https://www.thunderclient.io)"}],"colId":"984b4474-27b5-4b07-82a6-5180d9ce18e3","name":"Multi Images","url":"localhost:5000/api/products/multiup","method":"POST","modified":"2021-11-01T10:07:39.390Z","created":"2021-11-01T10:07:39.390Z","_id":"0fbd7e89-8c17-49c6-a5d0-8509ffdef893","params":[],"body":{"type":"formdata","raw":"","form":[],"files":[{"name":"images","value":"C:\\Users\\elad7\\Pictures\\icons\\ssd.png"},{"name":"images","value":"C:\\Users\\elad7\\Pictures\\icons\\hdd.png"},{"name":"images","value":"C:\\Users\\elad7\\Pictures\\icons\\video-camera.png"}]},"tests":[]},{"containerId":"","sortNum":90000,"headers":[{"name":"Accept","value":"*/*"},{"name":"User-Agent","value":"Thunder Client (https://www.thunderclient.io)"}],"colId":"984b4474-27b5-4b07-82a6-5180d9ce18e3","name":"Single Image","url":"localhost:5000/api/products/singleup","method":"POST","modified":"2021-11-01T10:07:39.390Z","created":"2021-11-01T10:07:39.390Z","_id":"ec87bbc8-ae23-49c3-816a-1362ed644a32","params":[],"body":{"type":"formdata","raw":"","form":[],"files":[{"name":"image","value":"C:\\Users\\elad7\\Pictures\\icons\\ssd.png"}]},"tests":[]}]}
