{"client":"Thunder Client","collectionName":"RetailManagers","dateExported":"2021-08-08T20:14:50.909Z","version":"1.1","folders":[],"requests":[{"containerId":"","sortNum":15000,"headers":[{"name":"Accept","value":"*/*"},{"name":"User-Agent","value":"Thunder Client (https://www.thunderclient.io)"}],"colId":"a58476ac-4c7c-4e64-8a8a-93ce17a2fdaf","name":"GetAllManagers","url":"localhost:5000/api/Managers/all","method":"GET","modified":"2021-08-08T11:06:46.254Z","created":"2021-08-08T10:11:43.256Z","_id":"23c60f2d-b472-43cb-8ca8-cdf815e5f95d","params":[],"tests":[]},{"containerId":"","sortNum":22500,"headers":[{"name":"Accept","value":"*/*"},{"name":"User-Agent","value":"Thunder Client (https://www.thunderclient.io)"}],"colId":"a58476ac-4c7c-4e64-8a8a-93ce17a2fdaf","name":"GetManagerByID","url":"localhost:5000/api/Managers/6","method":"GET","modified":"2021-08-08T11:06:47.742Z","created":"2021-08-08T11:06:17.820Z","_id":"d8ed19a1-2071-4d16-b38f-340ab2b8619d","params":[],"tests":[]},{"containerId":"","sortNum":30000,"headers":[{"name":"Accept","value":"*/*"},{"name":"User-Agent","value":"Thunder Client (https://www.thunderclient.io)"}],"colId":"a58476ac-4c7c-4e64-8a8a-93ce17a2fdaf","name":"RegisterManager","url":"localhost:5000/api/Managers/register","method":"POST","modified":"2021-08-08T10:39:49.621Z","created":"2021-08-08T10:26:48.701Z","_id":"1b06ceda-3864-46a9-88a0-0d74ebcec1b8","params":[],"body":{"type":"json","raw":"{\n    \"retailer_first_name\": \"Ron\",\n    \"retailer_last_name\": \"Levy\",\n    \"retailer_email\": \"RL@gmail.com\",\n    \"retailer_phone_number\": \"0523445664\",\n    \"retailer_birthdate\": \"1985-10-15\",\n    \"retailer_password\": \"levilevi55\",\n    \"retailer_city\": \"Haifa\",\n    \"retailer_address_id\": 3\n}","form":[]},"tests":[]},{"containerId":"","sortNum":40000,"headers":[{"name":"Accept","value":"*/*"},{"name":"User-Agent","value":"Thunder Client (https://www.thunderclient.io)"}],"colId":"a58476ac-4c7c-4e64-8a8a-93ce17a2fdaf","name":"LoginManager","url":"localhost:5000/api/Managers/login","method":"POST","modified":"2021-08-08T11:06:49.700Z","created":"2021-08-08T10:58:52.851Z","_id":"63e88d57-19f7-45f8-b8d9-a22dacc6f0de","params":[],"body":{"type":"json","raw":"{\n    \"retailer_email\": \"RL@gmail.com\",\n    \"retailer_password\": \"levilevi455\"\n}","form":[]},"tests":[]},{"containerId":"","sortNum":50000,"headers":[{"name":"Accept","value":"*/*"},{"name":"User-Agent","value":"Thunder Client (https://www.thunderclient.io)"}],"colId":"a58476ac-4c7c-4e64-8a8a-93ce17a2fdaf","name":"UpdateManager","url":"localhost:5000/api/Managers/update/5","method":"PUT","modified":"2021-08-08T10:55:04.504Z","created":"2021-08-08T10:53:46.125Z","_id":"adcf0e83-dcf4-4e20-a4fd-ad16196bd870","params":[],"body":{"type":"json","raw":"{\n    \"retailer_email\": \"RL@gmail.com\",\n    \"retailer_phone_number\": \"0523445664\",\n    \"retailer_password\": \"levilevi455\",\n    \"retailer_city\": \"Haifa\",\n    \"retailer_address_id\": 3\n}","form":[]},"tests":[]},{"containerId":"","sortNum":70000,"headers":[{"name":"Accept","value":"*/*"},{"name":"User-Agent","value":"Thunder Client (https://www.thunderclient.io)"}],"colId":"a58476ac-4c7c-4e64-8a8a-93ce17a2fdaf","name":"DeleteManager","url":"localhost:5000/api/Managers/delete/5","method":"DELETE","modified":"2021-08-08T11:02:43.445Z","created":"2021-08-08T11:01:22.997Z","_id":"190f5a46-ece7-4364-aca8-054e3c103bb2","params":[],"tests":[]}]}
