{"client":"Thunder Client","collectionName":"Sub Categories","dateExported":"2021-08-12T16:47:27.948Z","version":"1.1","folders":[],"requests":[{"containerId":"","sortNum":10000,"headers":[{"name":"Accept","value":"*/*"},{"name":"User-Agent","value":"Thunder Client (https://www.thunderclient.io)"}],"colId":"c30f8e07-3fd0-42fe-97ee-1961353ee5b8","name":"GetAllSubCategories","url":"http://localhost:5000/api/SubCategories/all","method":"GET","modified":"2021-08-12T15:37:23.535Z","created":"2021-08-10T17:17:21.502Z","_id":"b31e0190-278b-49cd-abbe-da9f0d21cad9","params":[],"body":{"type":"formdata","raw":"","form":[],"files":[{"name":"images","value":"C:\\Users\\Elad\\Documents\\Software-Engineer\\MakolotUp\\uploads\\vegetables.jpg"},{"name":"images","value":"C:\\Users\\Elad\\Pictures\\bird.jpg"},{"name":"images","value":"C:\\Users\\Elad\\Pictures\\d5.jpg"}]},"tests":[]},{"containerId":"","sortNum":20000,"headers":[{"name":"Accept","value":"*/*"},{"name":"User-Agent","value":"Thunder Client (https://www.thunderclient.io)"}],"colId":"c30f8e07-3fd0-42fe-97ee-1961353ee5b8","name":"GetSubCategoryByID","url":"http://localhost:5000/api/SubCategories/1","method":"GET","modified":"2021-08-12T15:38:10.692Z","created":"2021-08-10T17:17:21.502Z","_id":"6d32615f-6def-4d94-b20b-747c7e2eb310","params":[],"body":{"type":"formdata","raw":"","form":[],"files":[{"name":"images","value":"C:\\Users\\Elad\\Documents\\Software-Engineer\\MakolotUp\\uploads\\vegetables.jpg"},{"name":"images","value":"C:\\Users\\Elad\\Pictures\\bird.jpg"},{"name":"images","value":"C:\\Users\\Elad\\Pictures\\d5.jpg"}]},"tests":[]},{"containerId":"","sortNum":30000,"headers":[{"name":"Accept","value":"*/*"},{"name":"User-Agent","value":"Thunder Client (https://www.thunderclient.io)"}],"colId":"c30f8e07-3fd0-42fe-97ee-1961353ee5b8","name":"AddSubCategory","url":"http://localhost:5000/api/SubCategories/add","method":"POST","modified":"2021-08-12T15:52:03.587Z","created":"2021-08-12T15:51:45.452Z","_id":"538e6d62-2996-4b06-9267-6988e7dc3faa","params":[],"body":{"type":"json","raw":"{\n    \"category_id\": 1,\n    \"sub_category_name\": \"Fruits & Vegetables\",\n    \"sub_category_info\": \"Fresh & Healthy\",\n    \"sub_category_image\": \"aaa\"\n}","form":[]},"tests":[]},{"containerId":"","sortNum":40000,"headers":[{"name":"Accept","value":"*/*"},{"name":"User-Agent","value":"Thunder Client (https://www.thunderclient.io)"}],"colId":"c30f8e07-3fd0-42fe-97ee-1961353ee5b8","name":"UpdateSubCategory","url":"http://localhost:5000/api/SubCategories/update/1","method":"PUT","modified":"2021-08-12T15:52:45.155Z","created":"2021-08-12T15:52:22.260Z","_id":"e0aa0a3d-5278-4592-83b4-17757a309c7a","params":[],"body":{"type":"json","raw":"{\n    \"category_id\": 1,\n    \"sub_category_name\": \"Fruits & Vegetables\",\n    \"sub_category_info\": \"Fresh & Healthy\",\n    \"sub_category_image\": \"aaa\"\n}","form":[]},"tests":[]},{"containerId":"","sortNum":50000,"headers":[{"name":"Accept","value":"*/*"},{"name":"User-Agent","value":"Thunder Client (https://www.thunderclient.io)"}],"colId":"c30f8e07-3fd0-42fe-97ee-1961353ee5b8","name":"ActivateSubCategory","url":"http://localhost:5000/api/SubCategories/activate/1","method":"PUT","modified":"2021-08-12T15:54:10.235Z","created":"2021-08-12T15:53:52.301Z","_id":"7f026e8c-d0c9-4c68-9b5a-f01045a5dcdb","params":[],"tests":[]},{"containerId":"","sortNum":60000,"headers":[{"name":"Accept","value":"*/*"},{"name":"User-Agent","value":"Thunder Client (https://www.thunderclient.io)"}],"colId":"c30f8e07-3fd0-42fe-97ee-1961353ee5b8","name":"DeactivateSubCategory","url":"http://localhost:5000/api/SubCategories/deactivate/1","method":"PUT","modified":"2021-08-12T15:54:33.067Z","created":"2021-08-12T15:54:18.580Z","_id":"71a38b47-063b-4526-a2f9-a1d5865e79e4","params":[],"tests":[]},{"containerId":"","sortNum":70000,"headers":[{"name":"Accept","value":"*/*"},{"name":"User-Agent","value":"Thunder Client (https://www.thunderclient.io)"}],"colId":"c30f8e07-3fd0-42fe-97ee-1961353ee5b8","name":"DeleteSubCategory","url":"http://localhost:5000/api/SubCategories/delete/1","method":"DELETE","modified":"2021-08-12T15:54:57.699Z","created":"2021-08-12T15:54:46.573Z","_id":"15cd6897-628e-42a1-82c6-2e711ad97ae2","params":[],"tests":[]}]}
