{"client":"Thunder Client","collectionName":"Uploads-Multer","dateExported":"2021-08-10T17:50:05.896Z","version":"1.1","folders":[],"requests":[{"containerId":"","sortNum":10000,"headers":[{"name":"Accept","value":"*/*"},{"name":"User-Agent","value":"Thunder Client (https://www.thunderclient.io)"}],"colId":"39f55205-49b8-43a6-b3b1-64e3b18315b7","name":"Multiple Image Upload","url":"http://localhost:5000/multiple","method":"POST","modified":"2021-08-10T17:49:48.178Z","created":"2021-08-10T17:17:21.502Z","_id":"63cb2aef-018c-40bc-8e6f-45203aaf10bd","params":[],"body":{"type":"formdata","raw":"","form":[],"files":[{"name":"images","value":"C:\\Users\\Elad\\Documents\\Software-Engineer\\MakolotUp\\uploads\\vegetables.jpg"},{"name":"images","value":"C:\\Users\\Elad\\Pictures\\bird.jpg"},{"name":"images","value":"C:\\Users\\Elad\\Pictures\\d5.jpg"}]},"tests":[]},{"containerId":"","sortNum":20000,"headers":[{"name":"Accept","value":"*/*"},{"name":"User-Agent","value":"Thunder Client (https://www.thunderclient.io)"}],"colId":"39f55205-49b8-43a6-b3b1-64e3b18315b7","name":"Single Image Upload","url":"http://localhost:5000/single","method":"POST","modified":"2021-08-10T17:50:00.495Z","created":"2021-08-10T17:14:06.883Z","_id":"d9b6d816-2620-452d-88e0-504befded6f3","params":[],"body":{"type":"formdata","raw":"","form":[],"files":[{"name":"image","value":"C:\\Users\\Elad\\Documents\\Software-Engineer\\MakolotUp\\uploads\\vegetables.jpg"}]},"tests":[]}]}
